{
  "colors": {
    "primary": {
      "950": {
        "value": "#021D1A"
      },
      "900": {
        "value": "#043E38"
      },
      "800": {
        "value": "#08786B"
      },
      "700": {
        "value": "#0CB6A2"
      },
      "600": {
        "value": "#14F0D6"
      },
      "500": {
        "value": "#51F4E1"
      },
      "400": {
        "value": "#74F6E7"
      },
      "300": {
        "value": "#95F8ED"
      },
      "200": {
        "value": "#B7FAF3"
      },
      "100": {
        "value": "#DDFDF9"
      },
      "50": {
        "value": "#ECFEFC"
      }
    },
    "neutral": {
      "950": {
        "value": "#02051D"
      },
      "900": {
        "value": "#040B3E"
      },
      "800": {
        "value": "#081578"
      },
      "700": {
        "value": "#0C1FB6"
      },
      "600": {
        "value": "#142EF0"
      },
      "500": {
        "value": "#5164F4"
      },
      "400": {
        "value": "#7483F6"
      },
      "300": {
        "value": "#95A1F8"
      },
      "200": {
        "value": "#B7BFFA"
      },
      "100": {
        "value": "#DDE1FD"
      },
      "50": {
        "value": "#ECEEFE"
      }
    },
    "warning": {
      "950": {
        "value": "#1D1802"
      },
      "900": {
        "value": "#352C03"
      },
      "800": {
        "value": "#6E5B07"
      },
      "700": {
        "value": "#A3870A"
      },
      "600": {
        "value": "#DDB70E"
      },
      "500": {
        "value": "#F2CE30"
      },
      "400": {
        "value": "#F5D95C"
      },
      "300": {
        "value": "#F7E282"
      },
      "200": {
        "value": "#FAECAD"
      },
      "100": {
        "value": "#FCF5D4"
      },
      "50": {
        "value": "#FEFAEC"
      }
    },
    "danger": {
      "950": {
        "value": "#1E0008"
      },
      "900": {
        "value": "#3D000F"
      },
      "800": {
        "value": "#7F0120"
      },
      "700": {
        "value": "#BC0130"
      },
      "600": {
        "value": "#FE0140"
      },
      "500": {
        "value": "#FE406F"
      },
      "400": {
        "value": "#FE678D"
      },
      "300": {
        "value": "#FE8AA7"
      },
      "200": {
        "value": "#FFB3C6"
      },
      "100": {
        "value": "#FFD6E1"
      },
      "50": {
        "value": "#FFEBF0"
      }
    },
    "success": {
      "950": {
        "value": "#0F1D02"
      },
      "900": {
        "value": "#203E04"
      },
      "800": {
        "value": "#3E7808"
      },
      "700": {
        "value": "#5EB60C"
      },
      "600": {
        "value": "#7EF014"
      },
      "500": {
        "value": "#A0F451"
      },
      "400": {
        "value": "#B3F674"
      },
      "300": {
        "value": "#C5F895"
      },
      "200": {
        "value": "#D8FAB7"
      },
      "100": {
        "value": "#EDFDDD"
      },
      "50": {
        "value": "#F5FEEC"
      }
    },
    "grayscale": {
      "950": {
        "value": "#0E1010"
      },
      "900": {
        "value": "#1F232"
      },
      "800": {
        "value": "#3E4646"
      },
      "700": {
        "value": "#5D6A69"
      },
      "600": {
        "value": "#7D8C8B"
      },
      "500": {
        "value": "#A0ABAA"
      },
      "400": {
        "value": "#B3BCBB"
      },
      "300": {
        "value": "#C6CDCC"
      },
      "200": {
        "value": "#D9DDDD"
      },
      "100": {
        "value": "#ECEEEE"
      },
      "50": {
        "value": "#F4F5F5"
      }
    }
  }
}
