{
  "spacing": {
    "4": {
      "value": "4px"
    },
    "8": {
      "value": "8px"
    },
    "12": {
      "value": "12px"
    },
    "16": {
      "value": "16px"
    },
    "20": {
      "value": "20px"
    },
    "24": {
      "value": "24px"
    },
    "28": {
      "value": "28px"
    },
    "32": {
      "value": "32px"
    },
    "36": {
      "value": "36px"
    },
    "40": {
      "value": "40px"
    },
    "44": {
      "value": "44px"
    },
    "48": {
      "value": "48px"
    },
    "52": {
      "value": "52px"
    },
    "56": {
      "value": "56px"
    },
    "60": {
      "value": "60px"
    },
    "64": {
      "value": "64px"
    },
    "68": {
      "value": "68px"
    },
    "72": {
      "value": "72px"
    },
    "76": {
      "value": "76px"
    },
    "80": {
      "value": "80px"
    },
    "84": {
      "value": "84px"
    },
    "88": {
      "value": "88px"
    },
    "92": {
      "value": "92px"
    },
    "96": {
      "value": "96px"
    },
    "100": {
      "value": "100px"
    }
  }
}
